id:ID,name,排量(L),进气形式,气缸排列形式,气缸数(个),每缸气门数(个),压缩比,配气机构,缸径(mm),行程(mm),最大马力(Ps),最大功率(kW),最大功率转速(rpm),最大扭矩(N·m),最大扭矩转速(rpm),燃料形式,燃油标号,供油方式,缸盖材料,缸体材料,环保标准
2915,发动机,2.0,涡轮增压,L,4,4,-,DOHC,-,-,163.0,120.0,-,375,-,柴油,0号,直喷,未知,未知,国VI
2916,发动机,,,,,,,,,,,150.0,,310,,,,,,,
2917,发动机,2.0,涡轮增压,L,4,4,-,DOHC,-,-,139.0,102.0,3500,330,1400-2800,柴油,0号,直喷,铝合金,铸铁,国VI
2918,发动机,2.0,双涡轮增压,L,4,4,-,DOHC,-,-,218.0,160.0,4000,480,1500-2400,柴油,0号,直喷,铝合金,铸铁,国VI
2919,发动机,2.0,涡轮增压,L,4,4,-,DOHC,-,-,214.0,157.0,-,350,-,汽油,92号,-,铝合金,未知,国VI
2920,发动机,2.0,涡轮增压,L,4,4,-,DOHC,-,-,214.0,157.0,-,350,-,汽油,92号,-,铝合金,未知,国VI
2921,发动机,2.0,涡轮增压,L,4,4,-,DOHC,-,-,148.0,109.0,3500,375,1500-2400,柴油,0号,直喷,未知,未知,国VI
2922,发动机,2.0,涡轮增压,L,4,4,-,DOHC,-,-,163.0,120.0,-,375,-,柴油,0号,直喷,未知,未知,国VI
2923,发动机,2.0,涡轮增压,L,4,4,-,DOHC,-,-,163.0,120.0,-,375,-,柴油,0号,直喷,铝合金,铝合金,国VI
2924,发动机,2.0,涡轮增压,L,4,4,-,DOHC,-,-,224.0,165.0,-,360,-,汽油,92号,直喷,铝合金,铝合金,国V
2925,发动机,2.0,涡轮增压,L,4,4,-,DOHC,-,-,224.0,165.0,-,360,-,汽油,92号,直喷,铝合金,铝合金,国V
2926,发动机,2.8,涡轮增压,L,4,4,-,未知,-,-,150.0,110.0,3400,360,1600-2800,柴油,0号,直喷,未知,未知,国V
2927,发动机,2.8,涡轮增压,L,4,4,-,未知,-,-,150.0,110.0,3400,360,1600-2800,柴油,0号,直喷,未知,未知,国V
2928,发动机,,,,,,,,,,,150.0,,310,,,,,,,
2929,发动机,2.0,涡轮增压,L,4,4,-,DOHC,-,-,224.0,165.0,-,350,-,汽油,92号,直喷,铝合金,铝合金,国VI
2930,发动机,2.0,涡轮增压,L,4,4,-,DOHC,-,-,163.0,120.0,-,375,-,柴油,0号,直喷,未知,未知,国VI
2931,发动机,2.8,涡轮增压,L,4,4,-,未知,-,-,150.0,110.0,3400,360,1600-2800,柴油,0号,直喷,未知,未知,国V
2932,发动机,2.5,涡轮增压,L,4,4,-,DOHC,-,-,136.0,100.0,3800,330,1800-2800,柴油,0号,直喷,铝合金,铸铁,国V
2933,发动机,2.8,涡轮增压,L,4,4,-,未知,-,-,150.0,110.0,3400,360,1600-2800,柴油,0号,直喷,未知,未知,国V
2934,发动机,2.0,涡轮增压,L,4,4,-,DOHC,-,-,224.0,165.0,-,350,-,汽油,92号,直喷,铝合金,铝合金,国VI
2935,发动机,2.8,涡轮增压,L,4,4,-,未知,-,-,150.0,110.0,3400,360,1600-2800,柴油,0号,直喷,未知,未知,国V
2936,发动机,2.8,涡轮增压,L,4,4,-,未知,-,-,150.0,110.0,3400,360,1600-2800,柴油,0号,直喷,未知,未知,国V
2937,发动机,2.0,涡轮增压,L,4,4,-,DOHC,-,-,163.0,120.0,-,375,-,柴油,0号,直喷,未知,未知,国VI
2938,发动机,2.0,涡轮增压,L,4,4,-,DOHC,-,-,224.0,165.0,-,360,-,汽油,92号,直喷,铝合金,铝合金,国V
2939,发动机,2.5,涡轮增压,L,4,4,-,DOHC,-,-,136.0,100.0,3800,330,1800-2800,柴油,0号,直喷,铝合金,铸铁,国V
2940,发动机,1.5,涡轮增压,L,4,4,-,DOHC,-,-,169.0,124.0,5600,250,1700-4400,汽油,92号,直喷,铝合金,铝合金,国VI
2941,发动机,2.4,自然吸气,L,4,4,-,未知,-,-,143.0,105.0,-,200,-,汽油,92号,多点电喷,铝合金,未知,国V
2942,发动机,1.5,涡轮增压,L,4,4,-,DOHC,-,-,169.0,124.0,5500,250,1700-4400,汽油,92号,直喷,铝合金,铝合金,国VI
2943,发动机,2.0,涡轮增压,L,4,4,-,DOHC,-,-,139.0,102.0,3500,330,1400-2800,柴油,0号,直喷,铝合金,铸铁,国VI
2944,发动机,,,,,,,,,,,,,,,,,,,,
2945,发动机,2.0,涡轮增压,L,4,4,-,未知,-,-,163.0,120.0,-,375,-,柴油,0号,直喷,未知,未知,国VI
2946,发动机,2.0,涡轮增压,L,4,4,-,DOHC,-,-,139.0,102.0,3500,330,1400-2800,柴油,0号,直喷,铝合金,铸铁,国VI
2947,发动机,1.3,涡轮增压,L,3,4,-,-,-,-,163.0,120.0,-,230,-,插电式混合动力,92号,多点电喷,铝合金,铝合金,国VI
2948,发动机,2.0,涡轮增压,L,4,4,-,DOHC,-,-,224.0,165.0,-,350,-,汽油,92号,直喷,铝合金,铝合金,国VI
2949,发动机,2.0,涡轮增压,L,4,4,-,DOHC,-,-,224.0,165.0,-,350,-,汽油,92号,直喷,铝合金,铝合金,国VI
2950,发动机,2.5,涡轮增压,L,4,4,-,DOHC,-,-,136.0,100.0,3800,330,1800-2800,柴油,0号,直喷,铝合金,铸铁,国V
2951,发动机,2.0,涡轮增压,L,4,4,-,DOHC,-,-,163.0,120.0,-,375,-,柴油,0号,直喷,未知,未知,国VI
2952,发动机,2.0,涡轮增压,L,4,4,-,DOHC,-,-,139.0,102.0,3500,330,1400-2800,柴油,0号,直喷,铝合金,铸铁,国VI
2953,发动机,,,,,,,,,,,130.0,,310,,,,,,,
2954,发动机,1.5,涡轮增压,L,4,4,-,DOHC,-,-,169.0,124.0,5600,250,1700-4400,汽油,92号,直喷,铝合金,铝合金,国VI
2955,发动机,,,,,,,,,,,130.0,,310,,,,,,,
2956,发动机,,,,,,,,,,,,,,,,,,,,
2957,发动机,2.8,涡轮增压,L,4,4,-,未知,-,-,150.0,110.0,3400,360,1600-2800,柴油,0号,直喷,未知,未知,国V
2958,发动机,2.0,涡轮增压,L,4,4,-,DOHC,-,-,139.0,102.0,3500,330,1400-2800,柴油,0号,直喷,铝合金,铸铁,国VI
2959,发动机,,,,,,,,,,,,,,,,,,,,
2960,发动机,2.0,涡轮增压,L,4,4,-,未知,-,-,224.0,165.0,-,360,-,汽油,92号,直喷,铝合金,未知,国V
2961,发动机,,,,,,,,,,,70.0,,220,,,,,,,
2962,发动机,2.0,涡轮增压,L,4,4,-,DOHC,-,-,163.0,120.0,-,375,-,柴油,0号,直喷,未知,未知,国VI
2963,发动机,,,,,,,,,,,,,,,,,,,,
2964,发动机,2.5,涡轮增压,L,4,4,-,DOHC,-,-,136.0,100.0,3800,330,1800-2800,柴油,0号,直喷,铝合金,铸铁,国V
2965,发动机,2.0,涡轮增压,L,4,4,-,未知,-,-,224.0,165.0,-,360,-,汽油,92号,直喷,铝合金,未知,国V
2966,发动机,2.0,涡轮增压,L,4,4,-,DOHC,-,-,214.0,157.0,-,350,-,汽油,92号,-,铝合金,未知,国VI
2967,发动机,1.5,涡轮增压,L,4,4,-,DOHC,-,-,169.0,124.0,5600,250,1700-4400,汽油,92号,直喷,铝合金,铝合金,国VI
2968,发动机,2.0,涡轮增压,L,4,4,-,DOHC,-,-,139.0,102.0,3500,330,1400-2800,柴油,0号,直喷,铝合金,铸铁,国VI
2969,发动机,,,,,,,,,,,70.0,,220,,,,,,,
2970,发动机,2.0,涡轮增压,L,4,4,-,DOHC,-,-,163.0,120.0,4000,375,1500-2400,柴油,0号,直喷,铝合金,铸铁,国VI
2971,发动机,2.8,涡轮增压,L,4,4,-,未知,-,-,150.0,110.0,3400,360,1600-2800,柴油,0号,直喷,未知,未知,国V
2972,发动机,2.0,涡轮增压,L,4,4,-,DOHC,-,-,148.0,109.0,3500,375,1500-2400,柴油,0号,直喷,未知,未知,国VI
2973,发动机,2.0,涡轮增压,L,4,4,-,未知,-,-,224.0,165.0,-,360,-,汽油,92号,直喷,铝合金,未知,国V
2974,发动机,2.0,涡轮增压,L,4,4,-,DOHC,-,-,214.0,157.0,-,350,-,汽油,92号,-,铝合金,未知,国VI
2975,发动机,2.0,涡轮增压,L,4,4,-,DOHC,-,-,148.0,109.0,3500,375,1500-2400,柴油,0号,直喷,未知,未知,国VI
2976,发动机,2.0,涡轮增压,L,4,4,-,DOHC,-,-,148.0,109.0,3500,375,1500-2400,柴油,0号,直喷,未知,未知,国VI
2977,发动机,,,,,,,,,,,,,,,,,,,,
2978,发动机,1.5,涡轮增压,L,4,4,-,DOHC,-,-,169.0,124.0,5600,250,1700-4400,汽油,92号,直喷,铝合金,铝合金,国VI
2979,发动机,2.0,涡轮增压,L,4,4,-,DOHC,-,-,148.0,109.0,3500,375,1500-2400,柴油,0号,直喷,未知,未知,国VI
2980,发动机,2.5,涡轮增压,L,4,4,-,DOHC,-,-,136.0,100.0,3800,330,1800-2800,柴油,0号,直喷,铝合金,铸铁,国V
2981,发动机,,,,,,,,,,,,,,,,,,,,
2982,发动机,,,,,,,,,,,,,,,,,,,,
2983,发动机,2.0,涡轮增压,L,4,4,-,DOHC,-,-,163.0,120.0,-,375,-,柴油,0号,直喷,未知,未知,国VI
2984,发动机,1.5,涡轮增压,L,4,4,-,DOHC,-,-,169.0,124.0,5600,250,1700-4400,汽油,92号,直喷,铝合金,铝合金,国VI
2985,发动机,2.0,涡轮增压,L,4,4,-,未知,-,-,163.0,120.0,-,375,-,柴油,0号,直喷,未知,未知,国VI
2986,发动机,1.3,涡轮增压,L,3,4,-,DOHC,-,-,163.0,120.0,5200,230,1800-4400,汽油,92号,多点电喷,铝合金,铝合金,国VI
2987,发动机,2.0,涡轮增压,L,4,4,-,DOHC,-,-,148.0,109.0,3500,375,1500-2400,柴油,0号,直喷,未知,未知,国VI
2988,发动机,,,,,,,,,,,130.0,,310,,,,,,,
2989,发动机,1.5,涡轮增压,L,4,4,-,DOHC,-,-,169.0,124.0,5600,250,1700-4400,汽油,92号,直喷,铝合金,铝合金,国VI
2990,发动机,,,,,,,,,,,,,,,,,,,,
2991,发动机,2.0,涡轮增压,L,4,4,-,DOHC,-,-,148.0,109.0,3500,375,1500-2400,柴油,0号,直喷,未知,未知,国VI
2992,发动机,2.8,涡轮增压,L,4,4,-,未知,-,-,150.0,110.0,3400,360,1600-2800,柴油,0号,直喷,未知,未知,国V
2993,发动机,,,,,,,,,,,,,,,,,,,,
2994,发动机,,,,,,,,,,,,,,,,,,,,
2995,发动机,2.0,涡轮增压,L,4,4,-,DOHC,-,-,139.0,102.0,3500,330,1400-2800,柴油,0号,直喷,铝合金,铸铁,国VI
2996,发动机,2.0,涡轮增压,L,4,4,-,DOHC,-,-,139.0,102.0,3500,330,1400-2800,柴油,0号,直喷,铝合金,铸铁,国VI
2997,发动机,,,,,,,,,,,,,,,,,,,,
2998,发动机,2.8,涡轮增压,L,4,4,-,未知,-,-,150.0,110.0,3400,360,1600-2800,柴油,0号,直喷,未知,未知,国V
2999,发动机,2.5,涡轮增压,L,4,4,-,DOHC,-,-,136.0,100.0,3800,330,1800-2800,柴油,0号,直喷,铝合金,铸铁,国V
3000,发动机,2.0,涡轮增压,L,4,4,-,DOHC,-,-,163.0,120.0,-,375,-,柴油,0号,直喷,未知,未知,国VI
3001,发动机,2.0,涡轮增压,L,4,4,-,DOHC,-,-,214.0,157.0,-,350,-,汽油,92号,-,铝合金,未知,国VI
3002,发动机,2.0,涡轮增压,L,4,4,-,DOHC,-,-,148.0,109.0,3500,375,1500-2400,柴油,0号,直喷,未知,未知,国VI
3003,发动机,2.0,涡轮增压,L,4,4,-,DOHC,-,-,224.0,165.0,-,360,-,汽油,92号,直喷,铝合金,铝合金,国V
3004,发动机,2.0,涡轮增压,L,4,4,-,DOHC,-,-,163.0,120.0,-,375,-,柴油,0号,直喷,未知,未知,国VI
3005,发动机,,,,,,,,,,,,,,,,,,,,
3006,发动机,2.0,涡轮增压,L,4,4,-,DOHC,-,-,163.0,120.0,-,375,-,柴油,0号,直喷,未知,未知,国VI
3007,发动机,2.0,涡轮增压,L,4,4,-,DOHC,-,-,224.0,165.0,-,360,-,汽油,92号,直喷,铝合金,铝合金,国V
3008,发动机,2.8,涡轮增压,L,4,4,-,未知,-,-,150.0,110.0,3400,360,1600-2800,柴油,0号,直喷,未知,未知,国V
3009,发动机,2.0,涡轮增压,L,4,4,-,DOHC,-,-,163.0,120.0,-,375,-,柴油,0号,直喷,未知,未知,国VI
3010,发动机,2.0,涡轮增压,L,4,4,-,DOHC,-,-,148.0,109.0,3500,375,1500-2400,柴油,0号,直喷,未知,未知,国VI
3011,发动机,,,,,,,,,,,70.0,,220,,,,,,,
3012,发动机,2.0,涡轮增压,L,4,4,-,DOHC,-,-,163.0,120.0,-,375,-,柴油,0号,直喷,未知,未知,国VI
3013,发动机,2.0,涡轮增压,L,4,4,-,DOHC,-,-,214.0,157.0,-,350,-,汽油,92号,-,铝合金,未知,国VI
3014,发动机,2.0,涡轮增压,L,4,4,-,DOHC,-,-,148.0,109.0,3500,375,1500-2400,柴油,0号,直喷,未知,未知,国VI
3015,发动机,2.0,涡轮增压,L,4,4,-,DOHC,-,-,163.0,120.0,-,375,-,柴油,0号,直喷,未知,未知,国VI
3016,发动机,2.0,涡轮增压,L,4,4,-,DOHC,-,-,148.0,109.0,3500,375,1500-2400,柴油,0号,直喷,未知,未知,国VI
3017,发动机,2.0,涡轮增压,L,4,4,-,DOHC,-,-,218.0,160.0,-,350,-,汽油,92号,直喷,铝合金,铝合金,国VI
3018,发动机,2.5,涡轮增压,L,4,4,-,DOHC,-,-,136.0,100.0,3800,330,1800-2800,柴油,0号,直喷,铝合金,铸铁,国V
3019,发动机,1.3,涡轮增压,L,3,4,-,DOHC,-,-,163.0,120.0,-,230,-,插电式混合动力,92号,多点电喷,铝合金,铝合金,国VI
3020,发动机,2.5,涡轮增压,L,4,4,-,DOHC,-,-,136.0,100.0,3800,330,1800-2800,柴油,0号,直喷,铝合金,铸铁,国V
3021,发动机,2.0,涡轮增压,L,4,4,-,未知,-,-,224.0,165.0,-,360,-,汽油,92号,直喷,铝合金,未知,国V
3022,发动机,,,,,,,,,,,70.0,,220,,,,,,,
3023,发动机,2.0,双涡轮增压,L,4,4,-,DOHC,-,-,218.0,160.0,4000,480,1500-2400,柴油,0号,直喷,铝合金,铸铁,国VI
3024,发动机,2.0,涡轮增压,L,4,4,-,DOHC,-,-,214.0,157.0,-,350,-,汽油,92号,-,铝合金,未知,国VI
3025,发动机,2.5,涡轮增压,L,4,4,-,DOHC,-,-,136.0,100.0,3800,330,1800-2800,柴油,0号,直喷,铝合金,铸铁,国V
3026,发动机,2.0,涡轮增压,L,4,4,-,DOHC,-,-,163.0,120.0,-,375,-,柴油,0号,直喷,未知,未知,国VI
3027,发动机,2.8,涡轮增压,L,4,4,-,未知,-,-,150.0,110.0,3400,360,1600-2800,柴油,0号,直喷,未知,未知,国V
3028,发动机,2.0,涡轮增压,L,4,4,-,DOHC,-,-,163.0,120.0,-,375,-,柴油,0号,直喷,铝合金,铝合金,国VI
3029,发动机,2.0,涡轮增压,L,4,4,-,DOHC,-,-,139.0,102.0,3500,330,1400-2800,柴油,0号,直喷,铝合金,铸铁,国VI
3030,发动机,,,,,,,,,,,,,,,,,,,,
3031,发动机,2.0,涡轮增压,L,4,4,-,DOHC,-,-,139.0,102.0,3500,330,1400-2800,柴油,0号,直喷,铝合金,铸铁,国VI
3032,发动机,2.5,涡轮增压,L,4,4,-,DOHC,-,-,136.0,100.0,3800,330,1800-2800,柴油,0号,直喷,铝合金,铸铁,国V
3033,发动机,,,,,,,,,,,,,,,,,,,,
3034,发动机,1.3,涡轮增压,L,3,4,-,-,-,-,163.0,120.0,-,230,-,插电式混合动力,92号,多点电喷,铝合金,铝合金,国VI
3035,发动机,2.5,涡轮增压,L,4,4,-,DOHC,-,-,136.0,100.0,3800,330,1800-2800,柴油,0号,直喷,铝合金,铸铁,国V
3036,发动机,2.8,涡轮增压,L,4,4,-,未知,-,-,150.0,110.0,3400,360,1600-2800,柴油,0号,直喷,未知,未知,国V
3037,发动机,2.0,涡轮增压,L,4,4,-,DOHC,-,-,163.0,120.0,-,375,-,柴油,0号,直喷,铝合金,铸铁,国VI
3038,发动机,2.0,涡轮增压,L,4,4,-,DOHC,-,-,163.0,120.0,-,375,-,柴油,0号,直喷,铝合金,铸铁,国VI
3039,发动机,1.3,涡轮增压,L,3,4,-,DOHC,-,-,163.0,120.0,5200,230,1800-4400,汽油,92号,多点电喷,铝合金,铝合金,国VI
3040,发动机,2.0,涡轮增压,L,4,4,-,DOHC,-,-,163.0,120.0,-,375,-,柴油,0号,直喷,未知,未知,国VI
3041,发动机,,,,,,,,,,,,,,,,,,,,
3042,发动机,2.0,涡轮增压,L,4,4,-,DOHC,-,-,214.0,157.0,-,350,-,汽油,92号,-,铝合金,未知,国VI
3043,发动机,2.0,涡轮增压,L,4,4,-,DOHC,-,-,163.0,120.0,-,375,-,柴油,0号,直喷,未知,未知,国VI
3044,发动机,,,,,,,,,,,130.0,,310,,,,,,,
3045,发动机,2.0,涡轮增压,L,4,4,-,DOHC,-,-,224.0,165.0,-,360,-,汽油,92号,直喷,铝合金,铝合金,国V
3046,发动机,2.5,涡轮增压,L,4,4,-,DOHC,-,-,136.0,100.0,3800,330,1800-2800,柴油,0号,直喷,铝合金,铸铁,国V
3047,发动机,2.0,涡轮增压,L,4,4,-,DOHC,-,-,224.0,165.0,-,360,-,汽油,92号,直喷,铝合金,铝合金,国V
3048,发动机,2.0,涡轮增压,L,4,4,-,DOHC,-,-,224.0,165.0,-,350,-,汽油,92号,直喷,铝合金,铝合金,国VI
3049,发动机,2.0,涡轮增压,L,4,4,-,DOHC,-,-,139.0,102.0,3500,330,1400-2800,柴油,0号,直喷,铝合金,铸铁,国VI
3050,发动机,2.0,涡轮增压,L,4,4,-,DOHC,-,-,224.0,165.0,-,350,-,汽油,92号,直喷,铝合金,铝合金,国VI
3051,发动机,2.0,涡轮增压,L,4,4,-,DOHC,-,-,139.0,102.0,3500,330,1400-2800,柴油,0号,直喷,铝合金,铸铁,国VI
3052,发动机,2.0,涡轮增压,L,4,4,-,DOHC,-,-,148.0,109.0,3500,375,1500-2400,柴油,0号,直喷,未知,未知,国VI
3053,发动机,2.0,涡轮增压,L,4,4,-,DOHC,-,-,224.0,165.0,-,360,-,汽油,92号,直喷,铝合金,铝合金,国V
3054,发动机,2.0,涡轮增压,L,4,4,-,未知,-,-,224.0,165.0,-,360,-,汽油,92号,直喷,铝合金,未知,国V
3055,发动机,1.5,涡轮增压,L,4,4,-,DOHC,-,-,169.0,124.0,5500,250,1700-4400,汽油,92号,直喷,铝合金,铝合金,国VI
3056,发动机,2.0,涡轮增压,L,4,4,-,DOHC,-,-,214.0,157.0,-,350,-,汽油,92号,-,铝合金,未知,国VI
3057,发动机,2.5,涡轮增压,L,4,4,-,DOHC,-,-,136.0,100.0,3800,330,1800-2800,柴油,0号,直喷,铝合金,铸铁,国V
3058,发动机,2.0,涡轮增压,L,4,4,-,DOHC,-,-,163.0,120.0,-,375,-,柴油,0号,直喷,未知,未知,国VI
3059,发动机,,,,,,,,,,,85.0,,250,,,,,,,
3060,发动机,2.0,涡轮增压,L,4,4,-,未知,-,-,163.0,120.0,-,375,-,柴油,0号,直喷,未知,未知,国VI
3061,发动机,,,,,,,,,,,75.0,,380,,,,,,,
3062,发动机,2.0,涡轮增压,L,4,4,-,DOHC,-,-,224.0,165.0,-,360,-,汽油,92号,直喷,铝合金,铝合金,国V
3063,发动机,2.0,涡轮增压,L,4,4,-,DOHC,-,-,224.0,165.0,-,360,-,汽油,92号,直喷,铝合金,铝合金,国V
3064,发动机,2.0,涡轮增压,L,4,4,-,DOHC,-,-,218.0,160.0,5300,350,2000-4000,汽油,92号,直喷,铝合金,铝合金,国VI
3065,发动机,2.0,涡轮增压,L,4,4,-,DOHC,-,-,148.0,109.0,3500,375,1500-2400,柴油,0号,直喷,未知,未知,国VI
3066,发动机,2.0,涡轮增压,L,4,4,-,DOHC,-,-,163.0,120.0,-,375,-,柴油,0号,直喷,未知,未知,国VI
3067,发动机,,,,,,,,,,,,,,,,,,,,
3068,发动机,-,-,-,-,-,-,-,-,-,204.0,150.0,-,-,-,氢燃料,-,-,-,-,-
3069,发动机,2.0,涡轮增压,L,4,4,-,未知,-,-,163.0,120.0,-,375,-,柴油,0号,直喷,未知,未知,国VI
3070,发动机,1.5,涡轮增压,L,4,4,-,DOHC,-,-,169.0,124.0,5600,250,1700-4400,汽油,92号,直喷,铝合金,铝合金,国VI
3071,发动机,1.8,涡轮增压,L,4,未知,-,未知,-,-,155.0,114.0,-,-,-,汽油,92号,多点电喷,未知,未知,国IV
3072,发动机,2.5,涡轮增压,L,4,4,-,DOHC,-,-,136.0,100.0,3800,330,1800-2800,柴油,0号,直喷,铝合金,铸铁,国V
3073,发动机,2.0,涡轮增压,L,4,4,-,DOHC,-,-,148.0,109.0,3500,375,1500-2400,柴油,0号,直喷,未知,未知,国VI
3074,发动机,2.0,涡轮增压,L,4,4,-,DOHC,-,-,148.0,109.0,3500,375,1500-2400,柴油,0号,直喷,未知,未知,国VI
3075,发动机,1.3,涡轮增压,L,3,4,-,-,-,-,163.0,120.0,-,230,-,插电式混合动力,92号,多点电喷,铝合金,铝合金,国VI
3076,发动机,2.0,涡轮增压,L,4,4,-,DOHC,-,-,214.0,157.0,-,350,-,汽油,92号,-,铝合金,未知,国VI
3077,发动机,2.5,涡轮增压,L,4,4,-,DOHC,-,-,136.0,100.0,3800,330,1800-2800,柴油,0号,直喷,铝合金,铸铁,国V
3078,发动机,2.0,涡轮增压,L,4,4,-,DOHC,-,-,139.0,102.0,3500,330,1400-2800,柴油,0号,直喷,铝合金,铸铁,国VI
3079,发动机,2.4,自然吸气,L,4,4,-,未知,-,-,143.0,105.0,5250,200,2500-3000,汽油,92号,多点电喷,铝合金,未知,国V
3080,发动机,2.5,涡轮增压,L,4,4,-,DOHC,-,-,136.0,100.0,3800,330,1800-2800,柴油,0号,直喷,铝合金,铸铁,国V
3081,发动机,,,,,,,,,,,70.0,,220,,,,,,,
3082,发动机,2.0,涡轮增压,L,4,4,-,DOHC,-,-,163.0,120.0,-,375,-,柴油,0号,直喷,未知,未知,国VI
3083,发动机,2.0,涡轮增压,L,4,4,-,DOHC,-,-,139.0,102.0,3500,330,1400-2800,柴油,0号,直喷,铝合金,铸铁,国VI
3084,发动机,2.0,涡轮增压,L,4,4,-,DOHC,-,-,163.0,120.0,-,375,-,柴油,0号,直喷,未知,未知,国VI
3085,发动机,2.5,涡轮增压,L,4,4,-,DOHC,-,-,136.0,100.0,3800,330,1800-2800,柴油,0号,直喷,铝合金,铸铁,国V
3086,发动机,,,,,,,,,,,,,,,,,,,,
3087,发动机,1.5,涡轮增压,L,4,4,-,DOHC,-,-,169.0,124.0,5600,250,1700-4400,汽油,92号,直喷,铝合金,铝合金,国VI
3088,发动机,2.8,涡轮增压,L,4,4,-,未知,-,-,150.0,110.0,3400,360,1600-2800,柴油,0号,直喷,未知,未知,国V
3089,发动机,2.5,涡轮增压,L,4,4,-,DOHC,-,-,136.0,100.0,3800,330,1800-2800,柴油,0号,直喷,铝合金,铸铁,国V
3090,发动机,2.5,涡轮增压,L,4,4,-,DOHC,-,-,136.0,100.0,3800,330,1800-2800,柴油,0号,直喷,铝合金,铸铁,国V
3091,发动机,2.0,涡轮增压,L,4,4,-,DOHC,-,-,139.0,102.0,3500,330,1400-2800,柴油,0号,直喷,铝合金,铸铁,国VI
3092,发动机,2.0,涡轮增压,L,4,4,-,DOHC,-,-,148.0,109.0,3500,375,1500-2400,柴油,0号,直喷,未知,未知,国VI
3093,发动机,,,,,,,,,,,,,,,,,,,,
3094,发动机,2.0,涡轮增压,L,4,4,-,DOHC,-,-,163.0,120.0,-,375,-,柴油,0号,直喷,未知,未知,国VI
3095,发动机,2.4,自然吸气,L,4,4,-,未知,-,-,143.0,105.0,-,200,-,汽油,92号,多点电喷,铝合金,未知,国V
3096,发动机,2.0,涡轮增压,L,4,4,-,DOHC,-,-,163.0,120.0,-,375,-,柴油,0号,直喷,未知,未知,国VI
3097,发动机,2.0,涡轮增压,L,4,4,-,DOHC,-,-,214.0,157.0,-,350,-,汽油,92号,-,铝合金,未知,国VI
3098,发动机,2.4,自然吸气,L,4,4,-,DOHC,-,-,156.0,115.0,-,225,-,汽油,92号,多点电喷,铝合金,未知,国VI
3099,发动机,2.0,涡轮增压,L,4,4,-,DOHC,-,-,218.0,160.0,5300,350,2000-4000,汽油,92号,直喷,铝合金,铝合金,国VI
3100,发动机,2.8,涡轮增压,L,4,4,-,未知,-,-,150.0,110.0,3400,360,1600-2800,柴油,0号,直喷,未知,未知,国V
3101,发动机,2.0,涡轮增压,L,4,4,-,DOHC,-,-,163.0,120.0,-,375,-,柴油,0号,直喷,未知,未知,国VI
3102,发动机,2.0,涡轮增压,L,4,4,-,DOHC,-,-,148.0,109.0,3500,375,1500-2400,柴油,0号,直喷,未知,未知,国VI
3103,发动机,,,,,,,,,,,,,,,,,,,,
3104,发动机,-,-,-,-,-,-,-,-,-,204.0,150.0,-,-,-,氢燃料,-,-,-,-,-
3105,发动机,2.5,涡轮增压,L,4,4,-,DOHC,-,-,136.0,100.0,3800,330,1800-2800,柴油,0号,直喷,铝合金,铸铁,国V
3106,发动机,2.5,涡轮增压,L,4,4,-,DOHC,-,-,136.0,100.0,3800,330,1800-2800,柴油,0号,直喷,铝合金,铸铁,国V
3107,发动机,,,,,,,,,,,130.0,,310,,,,,,,
3108,发动机,2.8,涡轮增压,L,4,4,-,未知,-,-,150.0,110.0,3400,360,1600-2800,柴油,0号,直喷,未知,未知,国V
3109,发动机,2.5,涡轮增压,L,4,4,-,DOHC,-,-,136.0,100.0,3800,330,1800-2800,柴油,0号,直喷,铝合金,铸铁,国V
3110,发动机,,,,,,,,,,,70.0,,220,,,,,,,
3111,发动机,2.0,涡轮增压,L,4,4,-,DOHC,-,-,224.0,165.0,-,350,-,汽油,92号,直喷,铝合金,铝合金,国VI
3112,发动机,1.3,涡轮增压,L,3,4,-,DOHC,-,-,163.0,120.0,-,230,-,插电式混合动力,92号,多点电喷,铝合金,铝合金,国VI
3113,发动机,,,,,,,,,,,150.0,,310,,,,,,,
3114,发动机,,,,,,,,,,,,,,,,,,,,
3115,发动机,2.0,涡轮增压,L,4,4,-,DOHC,-,-,139.0,102.0,3500,330,1400-2800,柴油,0号,直喷,铝合金,铸铁,国VI
3116,发动机,,,,,,,,,,,,,,,,,,,,
3117,发动机,2.0,涡轮增压,L,4,4,-,DOHC,-,-,139.0,102.0,3500,330,1400-2800,柴油,0号,直喷,铝合金,铸铁,国VI
3118,发动机,2.5,涡轮增压,L,4,4,-,DOHC,-,-,136.0,100.0,3800,330,1800-2800,柴油,0号,直喷,铝合金,铸铁,国V
3119,发动机,2.0,涡轮增压,L,4,4,-,DOHC,-,-,214.0,157.0,-,350,-,汽油,92号,-,铝合金,未知,国VI
3120,发动机,2.0,涡轮增压,L,4,4,-,DOHC,-,-,218.0,160.0,5300,350,2000-4000,汽油,92号,直喷,铝合金,铝合金,国VI
3121,发动机,1.3,涡轮增压,L,3,4,-,DOHC,-,-,163.0,120.0,-,230,-,插电式混合动力,92号,多点电喷,铝合金,铝合金,国VI
3122,发动机,2.4,自然吸气,L,4,4,-,DOHC,-,-,156.0,115.0,-,225,-,汽油,92号,多点电喷,铝合金,未知,国VI
3123,发动机,2.5,涡轮增压,L,4,4,-,DOHC,-,-,136.0,100.0,3800,330,1800-2800,柴油,0号,直喷,铝合金,铸铁,国V
3124,发动机,2.8,涡轮增压,L,4,4,-,未知,-,-,150.0,110.0,3400,360,1600-2800,柴油,0号,直喷,未知,未知,国V
3125,发动机,1.5,涡轮增压,L,4,4,-,DOHC,-,-,169.0,124.0,5500,250,1700-4400,汽油,92号,直喷,铝合金,铝合金,国VI
3126,发动机,2.0,涡轮增压,L,4,4,-,未知,-,-,224.0,165.0,-,360,-,汽油,92号,直喷,铝合金,未知,国V
3127,发动机,1.3,涡轮增压,L,3,4,-,DOHC,-,-,163.0,120.0,5200,230,1800-4400,汽油,92号,多点电喷,铝合金,铝合金,国VI
3128,发动机,2.5,涡轮增压,L,4,4,-,DOHC,-,-,136.0,100.0,3800,330,1800-2800,柴油,0号,直喷,铝合金,铸铁,国V
3129,发动机,2.0,涡轮增压,L,4,4,-,DOHC,-,-,163.0,120.0,-,375,-,柴油,0号,直喷,未知,未知,国VI
3130,发动机,2.0,涡轮增压,L,4,4,-,DOHC,-,-,163.0,120.0,-,375,-,柴油,0号,直喷,未知,未知,国VI
3131,发动机,,,,,,,,,,,,,,,,,,,,
3132,发动机,2.0,涡轮增压,L,4,4,-,DOHC,-,-,163.0,120.0,-,375,-,柴油,0号,直喷,未知,未知,国VI
3133,发动机,2.5,涡轮增压,L,4,4,-,DOHC,-,-,136.0,100.0,3800,330,1800-2800,柴油,0号,直喷,铝合金,铸铁,国V
3134,发动机,2.5,涡轮增压,L,4,4,-,DOHC,-,-,136.0,100.0,3800,330,1800-2800,柴油,0号,直喷,铝合金,铸铁,国V
3135,发动机,2.8,涡轮增压,L,4,4,-,未知,-,-,150.0,110.0,3400,360,1600-2800,柴油,0号,直喷,未知,未知,国V
3136,发动机,1.8,涡轮增压,L,4,未知,-,未知,-,-,155.0,114.0,-,-,-,汽油,92号,多点电喷,未知,未知,国IV
3137,发动机,,,,,,,,,,,70.0,,220,,,,,,,
3138,发动机,2.5,涡轮增压,L,4,4,-,DOHC,-,-,136.0,100.0,3800,330,1800-2800,柴油,0号,直喷,铝合金,铸铁,国V
3139,发动机,1.5,涡轮增压,L,4,4,-,DOHC,-,-,169.0,124.0,5600,250,1700-4400,汽油,92号,直喷,铝合金,铝合金,国VI
3140,发动机,,,,,,,,,,,75.0,,380,,,,,,,
3141,发动机,,,,,,,,,,,,,,,,,,,,
3142,发动机,,,,,,,,,,,,,,,,,,,,
3143,发动机,2.0,涡轮增压,L,4,4,-,DOHC,-,-,163.0,120.0,-,375,-,柴油,0号,直喷,未知,未知,国VI
3144,发动机,2.0,涡轮增压,L,4,4,-,DOHC,-,-,214.0,157.0,-,350,-,汽油,92号,-,铝合金,未知,国VI
3145,发动机,2.5,涡轮增压,L,4,4,-,DOHC,-,-,136.0,100.0,3800,330,1800-2800,柴油,0号,直喷,铝合金,铸铁,国V
3146,发动机,,,,,,,,,,,110.0,,350,,,,,,,
3147,发动机,2.0,涡轮增压,L,4,4,-,DOHC,-,-,139.0,102.0,3500,330,1400-2800,柴油,0号,直喷,铝合金,铸铁,国VI
3148,发动机,2.0,涡轮增压,L,4,4,-,DOHC,-,-,224.0,165.0,-,350,-,汽油,92号,直喷,铝合金,铝合金,国VI
3149,发动机,2.5,涡轮增压,L,4,4,-,DOHC,-,-,136.0,100.0,3800,330,1800-2800,柴油,0号,直喷,铝合金,铸铁,国V
3150,发动机,1.3,涡轮增压,L,3,4,-,DOHC,-,-,163.0,120.0,5200,230,1800-4400,汽油,92号,多点电喷,铝合金,铝合金,国VI
3151,发动机,2.0,涡轮增压,L,4,4,-,DOHC,-,-,139.0,102.0,3500,330,1400-2800,柴油,0号,直喷,铝合金,铸铁,国VI
3152,发动机,2.0,涡轮增压,L,4,4,-,DOHC,-,-,148.0,109.0,3500,375,1500-2400,柴油,0号,直喷,未知,未知,国VI
3153,发动机,2.0,涡轮增压,L,4,4,-,DOHC,-,-,163.0,120.0,-,375,-,柴油,0号,直喷,未知,未知,国VI
3154,发动机,2.0,涡轮增压,L,4,4,-,DOHC,-,-,163.0,120.0,-,375,-,柴油,0号,直喷,未知,未知,国VI
3155,发动机,2.0,涡轮增压,L,4,4,-,未知,-,-,224.0,165.0,-,360,-,汽油,92号,直喷,铝合金,未知,国V
3156,发动机,2.0,涡轮增压,L,4,4,-,DOHC,-,-,163.0,120.0,-,375,-,柴油,0号,直喷,未知,未知,国VI
3157,发动机,2.8,涡轮增压,L,4,4,-,未知,-,-,150.0,110.0,3400,360,1600-2800,柴油,0号,直喷,未知,未知,国V
3158,发动机,,,,,,,,,,,,,,,,,,,,
3159,发动机,,,,,,,,,,,,,,,,,,,,
3160,发动机,2.0,涡轮增压,L,4,4,-,DOHC,-,-,214.0,157.0,-,350,-,汽油,92号,-,铝合金,未知,国VI
3161,发动机,,,,,,,,,,,70.0,,220,,,,,,,
3162,发动机,,,,,,,,,,,130.0,,310,,,,,,,
3163,发动机,2.5,涡轮增压,L,4,4,-,DOHC,-,-,136.0,100.0,3800,330,1800-2800,柴油,0号,直喷,铝合金,铸铁,国V
3164,发动机,,,,,,,,,,,,,,,,,,,,
3165,发动机,2.0,涡轮增压,L,4,4,-,DOHC,-,-,148.0,109.0,3500,375,1500-2400,柴油,0号,直喷,未知,未知,国VI
3166,发动机,,,,,,,,,,,,,,,,,,,,
3167,发动机,2.0,涡轮增压,L,4,4,-,DOHC,-,-,224.0,165.0,-,350,-,汽油,92号,直喷,铝合金,铝合金,国VI
3168,发动机,,,,,,,,,,,100.0,,320,,,,,,,
3169,发动机,2.4,自然吸气,L,4,4,-,未知,-,-,143.0,105.0,-,200,-,汽油,92号,多点电喷,铝合金,未知,国V
3170,发动机,2.0,涡轮增压,L,4,4,-,DOHC,-,-,218.0,160.0,-,350,-,汽油,92号,直喷,铝合金,铝合金,国VI
3171,发动机,2.5,涡轮增压,L,4,4,-,DOHC,-,-,136.0,100.0,3800,330,1800-2800,柴油,0号,直喷,铝合金,铸铁,国V
3172,发动机,,,,,,,,,,,,,,,,,,,,
3173,发动机,,,,,,,,,,,,,,,,,,,,
3174,发动机,2.0,涡轮增压,L,4,4,-,DOHC,-,-,163.0,120.0,-,375,-,柴油,0号,直喷,铝合金,铸铁,国VI
3175,发动机,2.0,涡轮增压,L,4,4,-,DOHC,-,-,163.0,120.0,-,375,-,柴油,0号,直喷,未知,未知,国VI
3176,发动机,1.5,涡轮增压,L,4,4,-,DOHC,-,-,169.0,124.0,5600,250,1700-4400,汽油,92号,直喷,铝合金,铝合金,国VI
3177,发动机,2.8,涡轮增压,L,4,4,-,未知,-,-,150.0,110.0,3400,360,1600-2800,柴油,0号,直喷,未知,未知,国V
3178,发动机,,,,,,,,,,,,,,,,,,,,
3179,发动机,2.0,涡轮增压,L,4,4,-,DOHC,-,-,224.0,165.0,-,360,-,汽油,92号,直喷,铝合金,铝合金,国V
3180,发动机,2.0,涡轮增压,L,4,4,-,DOHC,-,-,163.0,120.0,-,375,-,柴油,0号,直喷,铝合金,铸铁,国VI
3181,发动机,2.0,涡轮增压,L,4,4,-,未知,-,-,224.0,165.0,-,360,-,汽油,92号,直喷,铝合金,未知,国V
3182,发动机,2.0,涡轮增压,L,4,4,-,DOHC,-,-,214.0,157.0,-,350,-,汽油,92号,-,铝合金,未知,国VI
3183,发动机,1.3,涡轮增压,L,3,4,-,DOHC,-,-,163.0,120.0,5200,230,1800-4400,汽油,92号,多点电喷,铝合金,铝合金,国VI
3184,发动机,2.0,涡轮增压,L,4,4,-,DOHC,-,-,163.0,120.0,-,375,-,柴油,0号,直喷,未知,未知,国VI
3185,发动机,2.0,涡轮增压,L,4,4,-,DOHC,-,-,148.0,109.0,3500,375,1500-2400,柴油,0号,直喷,未知,未知,国VI
3186,发动机,,,,,,,,,,,70.0,,220,,,,,,,
3187,发动机,2.8,涡轮增压,L,4,4,-,未知,-,-,150.0,110.0,3400,360,1600-2800,柴油,0号,直喷,未知,未知,国V
3188,发动机,2.0,涡轮增压,L,4,4,-,未知,-,-,224.0,165.0,-,360,-,汽油,92号,直喷,铝合金,未知,国V
3189,发动机,,,,,,,,,,,,,,,,,,,,
3190,发动机,2.0,涡轮增压,L,4,4,-,DOHC,-,-,224.0,165.0,-,350,-,汽油,92号,直喷,铝合金,铝合金,国VI
3191,发动机,2.0,涡轮增压,L,4,4,-,DOHC,-,-,163.0,120.0,-,375,-,柴油,0号,直喷,未知,未知,国VI
3192,发动机,2.0,涡轮增压,L,4,4,-,DOHC,-,-,214.0,157.0,-,350,-,汽油,92号,-,铝合金,未知,国VI
3193,发动机,2.0,涡轮增压,L,4,4,-,DOHC,-,-,139.0,102.0,3500,330,1400-2800,柴油,0号,直喷,铝合金,铸铁,国VI
3194,发动机,,,,,,,,,,,70.0,,220,,,,,,,
3195,发动机,2.5,涡轮增压,L,4,4,-,DOHC,-,-,136.0,100.0,3800,330,1800-2800,柴油,0号,直喷,铝合金,铸铁,国V
3196,发动机,2.8,涡轮增压,L,4,4,-,未知,-,-,150.0,110.0,3400,360,1600-2800,柴油,0号,直喷,未知,未知,国V
3197,发动机,2.0,涡轮增压,L,4,4,-,DOHC,-,-,139.0,102.0,3500,330,1400-2800,柴油,0号,直喷,铝合金,铸铁,国VI
3198,发动机,2.0,涡轮增压,L,4,4,-,DOHC,-,-,163.0,120.0,-,375,-,柴油,0号,直喷,未知,未知,国VI
3199,发动机,,,,,,,,,,,,,,,,,,,,
3200,发动机,2.0,涡轮增压,L,4,4,-,DOHC,-,-,163.0,120.0,-,375,-,柴油,0号,直喷,未知,未知,国VI
3201,发动机,2.0,涡轮增压,L,4,4,-,DOHC,-,-,139.0,102.0,3500,330,1400-2800,柴油,0号,直喷,铝合金,铸铁,国VI
3202,发动机,2.4,自然吸气,L,4,4,-,未知,-,-,143.0,105.0,-,200,-,汽油,92号,多点电喷,铝合金,未知,国V
3203,发动机,2.0,涡轮增压,L,4,4,-,DOHC,-,-,214.0,157.0,-,350,-,汽油,92号,-,铝合金,未知,国VI
3204,发动机,2.0,涡轮增压,L,4,4,-,DOHC,-,-,139.0,102.0,3500,330,1400-2800,柴油,0号,直喷,铝合金,铸铁,国VI
3205,发动机,2.8,涡轮增压,L,4,4,-,未知,-,-,150.0,110.0,3400,360,1600-2800,柴油,0号,直喷,未知,未知,国V
3206,发动机,,,,,,,,,,,130.0,,310,,,,,,,
3207,发动机,2.0,涡轮增压,L,4,4,-,DOHC,-,-,148.0,109.0,3500,375,1500-2400,柴油,0号,直喷,未知,未知,国VI
3208,发动机,2.0,涡轮增压,L,4,4,-,未知,-,-,163.0,120.0,-,375,-,柴油,0号,直喷,未知,未知,国VI
3209,发动机,2.0,涡轮增压,L,4,4,-,DOHC,-,-,163.0,120.0,-,375,-,柴油,0号,直喷,铝合金,铸铁,国VI
3210,发动机,,,,,,,,,,,,,,,,,,,,
3211,发动机,2.0,涡轮增压,L,4,4,-,DOHC,-,-,224.0,165.0,-,360,-,汽油,92号,直喷,铝合金,铝合金,国V
3212,发动机,1.5,涡轮增压,L,4,4,-,DOHC,-,-,169.0,124.0,5600,250,1700-4400,汽油,92号,直喷,铝合金,铝合金,国VI
3213,发动机,2.5,涡轮增压,L,4,4,-,DOHC,-,-,136.0,100.0,3800,330,1800-2800,柴油,0号,直喷,铝合金,铸铁,国V
3214,发动机,2.0,涡轮增压,L,4,4,-,DOHC,-,-,139.0,102.0,3500,330,1400-2800,柴油,0号,直喷,铝合金,铸铁,国VI
3215,发动机,2.0,涡轮增压,L,4,4,-,DOHC,-,-,148.0,109.0,3500,375,1500-2400,柴油,0号,直喷,未知,未知,国VI
3216,发动机,,,,,,,,,,,70.0,,220,,,,,,,
3217,发动机,2.0,涡轮增压,L,4,4,-,未知,-,-,224.0,165.0,-,360,-,汽油,92号,直喷,铝合金,未知,国V
3218,发动机,2.8,涡轮增压,L,4,4,-,未知,-,-,150.0,110.0,3400,360,1600-2800,柴油,0号,直喷,未知,未知,国V
3219,发动机,2.8,涡轮增压,L,4,4,-,未知,-,-,150.0,110.0,3400,360,1600-2800,柴油,0号,直喷,未知,未知,国V
3220,发动机,2.0,涡轮增压,L,4,4,-,DOHC,-,-,163.0,120.0,-,375,-,柴油,0号,直喷,未知,未知,国VI
3221,发动机,1.3,涡轮增压,L,3,4,-,-,-,-,163.0,120.0,-,230,-,插电式混合动力,92号,多点电喷,铝合金,铝合金,国VI
3222,发动机,2.5,涡轮增压,L,4,4,-,DOHC,-,-,136.0,100.0,3800,330,1800-2800,柴油,0号,直喷,铝合金,铸铁,国V
3223,发动机,2.0,涡轮增压,L,4,4,-,DOHC,-,-,139.0,102.0,3500,330,1400-2800,柴油,0号,直喷,铝合金,铸铁,国VI
3224,发动机,,,,,,,,,,,,,,,,,,,,
3225,发动机,,,,,,,,,,,70.0,,220,,,,,,,
3226,发动机,,,,,,,,,,,,,,,,,,,,
3227,发动机,2.8,涡轮增压,L,4,4,-,未知,-,-,150.0,110.0,3400,360,1600-2800,柴油,0号,直喷,未知,未知,国V
3228,发动机,2.0,涡轮增压,L,4,4,-,未知,-,-,224.0,165.0,-,360,-,汽油,92号,直喷,铝合金,未知,国V
3229,发动机,2.0,涡轮增压,L,4,4,-,DOHC,-,-,139.0,102.0,3500,330,1400-2800,柴油,0号,直喷,铝合金,铸铁,国VI
3230,发动机,,,,,,,,,,,,,,,,,,,,
3231,发动机,2.0,涡轮增压,L,4,4,-,DOHC,-,-,139.0,102.0,3500,330,1400-2800,柴油,0号,直喷,铝合金,铸铁,国VI
3232,发动机,2.8,涡轮增压,L,4,4,-,未知,-,-,150.0,110.0,3400,360,1600-2800,柴油,0号,直喷,未知,未知,国V
3233,发动机,2.4,自然吸气,L,4,4,-,DOHC,-,-,156.0,115.0,-,225,-,汽油,92号,多点电喷,铝合金,未知,国VI
3234,发动机,2.0,涡轮增压,L,4,4,-,DOHC,-,-,163.0,120.0,-,375,-,柴油,0号,直喷,未知,未知,国VI
3235,发动机,2.0,涡轮增压,L,4,4,-,DOHC,-,-,163.0,120.0,-,375,-,柴油,0号,直喷,未知,未知,国VI
3236,发动机,1.5,涡轮增压,L,4,4,-,DOHC,-,-,169.0,124.0,5600,250,1700-4400,汽油,92号,直喷,铝合金,铝合金,国VI
3237,发动机,2.5,涡轮增压,L,4,4,-,DOHC,-,-,136.0,100.0,3800,330,1800-2800,柴油,0号,直喷,铝合金,铸铁,国V
3238,发动机,,,,,,,,,,,,,,,,,,,,
3239,发动机,,,,,,,,,,,,,,,,,,,,
3240,发动机,,,,,,,,,,,150.0,,310,,,,,,,
3241,发动机,,,,,,,,,,,100.0,,320,,,,,,,
3242,发动机,2.4,自然吸气,L,4,4,-,未知,-,-,143.0,105.0,-,200,-,汽油,92号,多点电喷,铝合金,未知,国V
3243,发动机,,,,,,,,,,,130.0,,310,,,,,,,
3244,发动机,2.0,涡轮增压,L,4,4,-,DOHC,-,-,163.0,120.0,-,375,-,柴油,0号,直喷,未知,未知,国VI
3245,发动机,1.5,涡轮增压,L,4,4,-,DOHC,-,-,169.0,124.0,5500,250,1700-4400,汽油,92号,直喷,铝合金,铝合金,国VI
3246,发动机,,,,,,,,,,,75.0,,380,,,,,,,
3247,发动机,1.8,涡轮增压,L,4,未知,-,未知,-,-,155.0,114.0,-,-,-,汽油,92号,多点电喷,未知,未知,国IV
3248,发动机,2.0,涡轮增压,L,4,4,-,DOHC,-,-,148.0,109.0,3500,375,1500-2400,柴油,0号,直喷,未知,未知,国VI
3249,发动机,2.0,涡轮增压,L,4,4,-,DOHC,-,-,163.0,120.0,-,375,-,柴油,0号,直喷,铝合金,铝合金,国VI
3250,发动机,2.4,自然吸气,L,4,4,-,DOHC,-,-,156.0,115.0,-,225,-,汽油,92号,多点电喷,铝合金,未知,国VI
3251,发动机,1.5,涡轮增压,L,4,4,-,DOHC,-,-,169.0,124.0,5600,250,1700-4400,汽油,92号,直喷,铝合金,铝合金,国VI
3252,发动机,2.5,涡轮增压,L,4,4,-,DOHC,-,-,136.0,100.0,3800,330,1800-2800,柴油,0号,直喷,铝合金,铸铁,国V
3253,发动机,,,,,,,,,,,,,,,,,,,,
3254,发动机,2.0,涡轮增压,L,4,4,-,DOHC,-,-,139.0,102.0,3500,330,1400-2800,柴油,0号,直喷,铝合金,铸铁,国VI
3255,发动机,2.0,涡轮增压,L,4,4,-,DOHC,-,-,218.0,160.0,5300,350,2000-4000,汽油,92号,直喷,铝合金,铝合金,国VI
3256,发动机,2.0,涡轮增压,L,4,4,-,DOHC,-,-,163.0,120.0,-,375,-,柴油,0号,直喷,未知,未知,国VI
3257,发动机,2.5,涡轮增压,L,4,4,-,DOHC,-,-,136.0,100.0,3800,330,1800-2800,柴油,0号,直喷,铝合金,铸铁,国V
3258,发动机,2.0,涡轮增压,L,4,4,-,DOHC,-,-,214.0,157.0,-,350,-,汽油,92号,-,铝合金,未知,国VI
3259,发动机,1.8,涡轮增压,L,4,未知,-,未知,-,-,155.0,114.0,-,-,-,汽油,92号,多点电喷,未知,未知,国IV
3260,发动机,,,,,,,,,,,85.0,,250,,,,,,,
3261,发动机,2.0,涡轮增压,L,4,4,-,DOHC,-,-,214.0,157.0,-,350,-,汽油,92号,-,铝合金,未知,国VI
3262,发动机,2.0,涡轮增压,L,4,4,-,DOHC,-,-,148.0,109.0,3500,375,1500-2400,柴油,0号,直喷,未知,未知,国VI
3263,发动机,2.5,涡轮增压,L,4,4,-,DOHC,-,-,136.0,100.0,3800,330,1800-2800,柴油,0号,直喷,铝合金,铸铁,国V
3264,发动机,2.0,涡轮增压,L,4,4,-,未知,-,-,218.0,160.0,-,350,-,汽油,92号,直喷,铝合金,未知,国VI
3265,发动机,2.5,涡轮增压,L,4,4,-,DOHC,-,-,136.0,100.0,3800,330,1800-2800,柴油,0号,直喷,铝合金,铸铁,国V
3266,发动机,-,-,-,-,-,-,-,-,-,41.0,30.0,-,-,-,氢燃料,-,-,-,-,-
3267,发动机,1.8,涡轮增压,L,4,未知,-,未知,-,-,155.0,114.0,-,-,-,汽油,92号,多点电喷,未知,未知,国IV
3268,发动机,2.5,涡轮增压,L,4,4,-,DOHC,-,-,136.0,100.0,3800,330,1800-2800,柴油,0号,直喷,铝合金,铸铁,国V
3269,发动机,2.0,涡轮增压,L,4,4,-,DOHC,-,-,224.0,165.0,-,350,-,汽油,92号,直喷,铝合金,铝合金,国VI
3270,发动机,2.0,涡轮增压,L,4,4,-,DOHC,-,-,139.0,102.0,3500,330,1400-2800,柴油,0号,直喷,铝合金,铸铁,国VI
3271,发动机,2.0,涡轮增压,L,4,4,-,DOHC,-,-,139.0,102.0,3500,330,1400-2800,柴油,0号,直喷,铝合金,铸铁,国VI
3272,发动机,1.3,涡轮增压,L,3,4,-,DOHC,-,-,163.0,120.0,5200,230,1800-4400,汽油,92号,多点电喷,铝合金,铝合金,国VI
3273,发动机,,,,,,,,,,,,,,,,,,,,
3274,发动机,2.0,涡轮增压,L,4,4,-,DOHC,-,-,214.0,157.0,-,350,-,汽油,92号,-,铝合金,未知,国VI
3275,发动机,,,,,,,,,,,130.0,,310,,,,,,,
3276,发动机,2.8,涡轮增压,L,4,4,-,未知,-,-,150.0,110.0,3400,360,1600-2800,柴油,0号,直喷,未知,未知,国V
3277,发动机,2.0,涡轮增压,L,4,4,-,DOHC,-,-,214.0,157.0,-,350,-,汽油,92号,-,铝合金,未知,国VI
3278,发动机,2.0,涡轮增压,L,4,4,-,DOHC,-,-,163.0,120.0,-,375,-,柴油,0号,直喷,未知,未知,国VI
3279,发动机,2.5,涡轮增压,L,4,4,-,DOHC,-,-,136.0,100.0,3800,330,1800-2800,柴油,0号,直喷,铝合金,铸铁,国V
3280,发动机,2.0,涡轮增压,L,4,4,-,DOHC,-,-,139.0,102.0,3500,330,1400-2800,柴油,0号,直喷,铝合金,铸铁,国VI
3281,发动机,2.0,涡轮增压,L,4,4,-,DOHC,-,-,214.0,157.0,-,350,-,汽油,92号,-,铝合金,未知,国VI
3282,发动机,2.0,涡轮增压,L,4,4,-,DOHC,-,-,163.0,120.0,-,375,-,柴油,0号,直喷,铝合金,铸铁,国VI
3283,发动机,2.5,涡轮增压,L,4,4,-,DOHC,-,-,136.0,100.0,3800,330,1800-2800,柴油,0号,直喷,铝合金,铸铁,国V
3284,发动机,2.4,自然吸气,L,4,4,-,DOHC,-,-,156.0,115.0,-,225,-,汽油,92号,多点电喷,铝合金,未知,国VI
3285,发动机,2.0,涡轮增压,L,4,4,-,DOHC,-,-,139.0,102.0,3500,330,1400-2800,柴油,0号,直喷,铝合金,铸铁,国VI
3286,发动机,,,,,,,,,,,70.0,,220,,,,,,,
3287,发动机,,,,,,,,,,,,,,,,,,,,
3288,发动机,2.0,涡轮增压,L,4,4,-,DOHC,-,-,214.0,157.0,-,350,-,汽油,92号,-,铝合金,未知,国VI
3289,发动机,2.0,涡轮增压,L,4,4,-,DOHC,-,-,163.0,120.0,-,375,-,柴油,0号,直喷,未知,未知,国VI
3290,发动机,2.0,涡轮增压,L,4,4,-,未知,-,-,163.0,120.0,-,375,-,柴油,0号,直喷,未知,未知,国VI
3291,发动机,2.0,涡轮增压,L,4,4,-,DOHC,-,-,139.0,102.0,3500,330,1400-2800,柴油,0号,直喷,铝合金,铸铁,国VI
3292,发动机,2.5,涡轮增压,L,4,4,-,DOHC,-,-,136.0,100.0,3800,330,1800-2800,柴油,0号,直喷,铝合金,铸铁,国V
3293,发动机,,,,,,,,,,,,,,,,,,,,
3294,发动机,2.0,涡轮增压,L,4,4,-,DOHC,-,-,139.0,102.0,3500,330,1400-2800,柴油,0号,直喷,铝合金,铸铁,国VI
3295,发动机,2.0,涡轮增压,L,4,4,-,DOHC,-,-,148.0,109.0,3500,375,1500-2400,柴油,0号,直喷,未知,未知,国VI
3296,发动机,2.0,涡轮增压,L,4,4,-,DOHC,-,-,214.0,157.0,-,350,-,汽油,92号,-,铝合金,未知,国VI
3297,发动机,2.8,涡轮增压,L,4,4,-,未知,-,-,150.0,110.0,3400,360,1600-2800,柴油,0号,直喷,未知,未知,国V
3298,发动机,2.0,涡轮增压,L,4,4,-,DOHC,-,-,163.0,120.0,-,375,-,柴油,0号,直喷,未知,未知,国VI
3299,发动机,,,,,,,,,,,,,,,,,,,,
3300,发动机,2.0,涡轮增压,L,4,4,-,DOHC,-,-,139.0,102.0,3500,330,1400-2800,柴油,0号,直喷,铝合金,铸铁,国VI
3301,发动机,2.0,涡轮增压,L,4,4,-,DOHC,-,-,214.0,157.0,-,350,-,汽油,92号,-,铝合金,未知,国VI
3302,发动机,2.0,涡轮增压,L,4,4,-,DOHC,-,-,214.0,157.0,-,350,-,汽油,92号,-,铝合金,未知,国VI
3303,发动机,,,,,,,,,,,130.0,,310,,,,,,,
3304,发动机,2.8,涡轮增压,L,4,4,-,未知,-,-,150.0,110.0,3400,360,1600-2800,柴油,0号,直喷,未知,未知,国V
3305,发动机,2.8,涡轮增压,L,4,4,-,未知,-,-,150.0,110.0,3400,360,1600-2800,柴油,0号,直喷,未知,未知,国V
3306,发动机,2.0,涡轮增压,L,4,4,-,DOHC,-,-,148.0,109.0,3500,375,1500-2400,柴油,0号,直喷,未知,未知,国VI
3307,发动机,2.0,涡轮增压,L,4,4,-,DOHC,-,-,224.0,165.0,-,350,-,汽油,92号,直喷,铝合金,铝合金,国VI
3308,发动机,,,,,,,,,,,130.0,,310,,,,,,,
3309,发动机,2.0,涡轮增压,L,4,4,-,DOHC,-,-,139.0,102.0,3500,330,1400-2800,柴油,0号,直喷,铝合金,铸铁,国VI
3310,发动机,,,,,,,,,,,,,,,,,,,,
3311,发动机,,,,,,,,,,,,,,,,,,,,
3312,发动机,,,,,,,,,,,70.0,,220,,,,,,,
3313,发动机,2.0,涡轮增压,L,4,4,-,未知,-,-,163.0,120.0,-,375,-,柴油,0号,直喷,未知,未知,国VI
3314,发动机,2.0,涡轮增压,L,4,4,-,未知,-,-,224.0,165.0,-,360,-,汽油,92号,直喷,铝合金,未知,国V
3315,发动机,2.0,涡轮增压,L,4,4,-,DOHC,-,-,224.0,165.0,-,350,-,汽油,92号,直喷,铝合金,铝合金,国VI
3316,发动机,2.5,涡轮增压,L,4,4,-,DOHC,-,-,136.0,100.0,3800,330,1800-2800,柴油,0号,直喷,铝合金,铸铁,国V
3317,发动机,2.0,涡轮增压,L,4,4,-,DOHC,-,-,163.0,120.0,-,375,-,柴油,0号,直喷,未知,未知,国VI
3318,发动机,2.3,自然吸气,L,4,未知,-,未知,-,-,130.0,96.0,-,-,-,汽油,92号,多点电喷,未知,未知,国IV
3319,发动机,2.0,涡轮增压,L,4,4,-,DOHC,-,-,224.0,165.0,-,360,-,汽油,92号,直喷,铝合金,铝合金,国V
3320,发动机,2.8,涡轮增压,L,4,4,-,未知,-,-,150.0,110.0,3400,360,1600-2800,柴油,0号,直喷,未知,未知,国V
3321,发动机,2.8,涡轮增压,L,4,4,-,未知,-,-,150.0,110.0,3400,360,1600-2800,柴油,0号,直喷,未知,未知,国V
3322,发动机,2.5,涡轮增压,L,4,4,-,DOHC,-,-,136.0,100.0,3800,330,1800-2800,柴油,0号,直喷,铝合金,铸铁,国V
3323,发动机,2.5,涡轮增压,L,4,4,-,DOHC,-,-,136.0,100.0,3800,330,1800-2800,柴油,0号,直喷,铝合金,铸铁,国V
3324,发动机,2.0,涡轮增压,L,4,4,-,DOHC,-,-,148.0,109.0,3500,375,1500-2400,柴油,0号,直喷,未知,未知,国VI
3325,发动机,,,,,,,,,,,,,,,,,,,,
3326,发动机,2.4,自然吸气,L,4,4,-,DOHC,-,-,156.0,115.0,-,225,-,汽油,92号,多点电喷,铝合金,未知,国VI
3327,发动机,,,,,,,,,,,,,,,,,,,,
3328,发动机,2.0,涡轮增压,L,4,4,-,DOHC,-,-,148.0,109.0,3500,375,1500-2400,柴油,0号,直喷,未知,未知,国VI
3329,发动机,,,,,,,,,,,,,,,,,,,,
3330,发动机,2.8,涡轮增压,L,4,4,-,未知,-,-,150.0,110.0,3400,360,1600-2800,柴油,0号,直喷,未知,未知,国V
3331,发动机,2.0,涡轮增压,L,4,4,-,DOHC,-,-,148.0,109.0,3500,375,1500-2400,柴油,0号,直喷,未知,未知,国VI
3332,发动机,2.0,双涡轮增压,L,4,4,-,DOHC,-,-,218.0,160.0,4000,480,1500-2400,柴油,0号,直喷,铝合金,铸铁,国VI
3333,发动机,2.5,涡轮增压,L,4,4,-,DOHC,-,-,136.0,100.0,3800,330,1800-2800,柴油,0号,直喷,铝合金,铸铁,国V
3334,发动机,2.0,涡轮增压,L,4,4,-,DOHC,-,-,218.0,160.0,5300,350,2000-4000,汽油,92号,直喷,铝合金,铝合金,国VI
3335,发动机,2.0,涡轮增压,L,4,4,-,DOHC,-,-,148.0,109.0,3500,375,1500-2400,柴油,0号,直喷,未知,未知,国VI
3336,发动机,2.0,涡轮增压,L,4,4,-,DOHC,-,-,224.0,165.0,-,360,-,汽油,92号,直喷,铝合金,铝合金,国V
3337,发动机,2.3,自然吸气,L,4,未知,-,未知,-,-,130.0,96.0,-,-,-,汽油,92号,多点电喷,未知,未知,国IV
3338,发动机,2.5,涡轮增压,L,4,4,-,DOHC,-,-,136.0,100.0,3800,330,1800-2800,柴油,0号,直喷,铝合金,铸铁,国V
3339,发动机,2.0,涡轮增压,L,4,4,-,DOHC,-,-,214.0,157.0,-,350,-,汽油,92号,-,铝合金,未知,国VI
3340,发动机,2.5,涡轮增压,L,4,4,-,DOHC,-,-,136.0,100.0,3800,330,1800-2800,柴油,0号,直喷,铝合金,铸铁,国V
3341,发动机,1.8,涡轮增压,L,4,未知,-,未知,-,-,155.0,114.0,-,-,-,汽油,92号,多点电喷,未知,未知,国IV
3342,发动机,2.4,自然吸气,L,4,4,-,未知,-,-,143.0,105.0,-,200,-,汽油,92号,多点电喷,铝合金,未知,国V
3343,发动机,2.4,自然吸气,L,4,4,-,DOHC,-,-,156.0,115.0,-,225,-,汽油,92号,多点电喷,铝合金,未知,国VI
3344,发动机,2.5,涡轮增压,L,4,4,-,DOHC,-,-,136.0,100.0,3800,330,1800-2800,柴油,0号,直喷,铝合金,铸铁,国V
3345,发动机,2.0,涡轮增压,L,4,4,-,DOHC,-,-,163.0,120.0,-,375,-,柴油,0号,直喷,未知,未知,国VI
3346,发动机,2.5,涡轮增压,L,4,4,-,DOHC,-,-,136.0,100.0,3800,330,1800-2800,柴油,0号,直喷,铝合金,铸铁,国V
3347,发动机,2.0,涡轮增压,L,4,4,-,DOHC,-,-,148.0,109.0,3500,375,1500-2400,柴油,0号,直喷,未知,未知,国VI
3348,发动机,2.0,涡轮增压,L,4,4,-,DOHC,-,-,214.0,157.0,-,350,-,汽油,92号,-,铝合金,未知,国VI
3349,发动机,2.0,涡轮增压,L,4,4,-,DOHC,-,-,148.0,109.0,3500,375,1500-2400,柴油,0号,直喷,未知,未知,国VI
3350,发动机,2.0,涡轮增压,L,4,4,-,未知,-,-,163.0,120.0,-,375,-,柴油,0号,直喷,未知,未知,国VI
3351,发动机,2.0,涡轮增压,L,4,4,-,DOHC,-,-,148.0,109.0,3500,375,1500-2400,柴油,0号,直喷,未知,未知,国VI
3352,发动机,,,,,,,,,,,,,,,,,,,,
3353,发动机,2.8,涡轮增压,L,4,4,-,未知,-,-,150.0,110.0,3400,360,1600-2800,柴油,0号,直喷,未知,未知,国V
3354,发动机,,,,,,,,,,,,,,,,,,,,
3355,发动机,,,,,,,,,,,,,,,,,,,,
3356,发动机,,,,,,,,,,,,,,,,,,,,
3357,发动机,2.0,涡轮增压,L,4,4,-,DOHC,-,-,148.0,109.0,3500,375,1500-2400,柴油,0号,直喷,未知,未知,国VI
3358,发动机,,,,,,,,,,,,,,,,,,,,
3359,发动机,,,,,,,,,,,75.0,,380,,,,,,,
3360,发动机,2.0,涡轮增压,L,4,4,-,DOHC,-,-,148.0,109.0,3500,375,1500-2400,柴油,0号,直喷,未知,未知,国VI
3361,发动机,2.0,涡轮增压,L,4,4,-,未知,-,-,224.0,165.0,-,360,-,汽油,92号,直喷,铝合金,未知,国V
3362,发动机,2.8,涡轮增压,L,4,4,-,未知,-,-,150.0,110.0,3400,360,1600-2800,柴油,0号,直喷,未知,未知,国V
3363,发动机,2.0,涡轮增压,L,4,4,-,DOHC,-,-,163.0,120.0,-,375,-,柴油,0号,直喷,未知,未知,国VI
3364,发动机,2.0,涡轮增压,L,4,4,-,DOHC,-,-,148.0,109.0,3500,375,1500-2400,柴油,0号,直喷,未知,未知,国VI
3365,发动机,2.0,涡轮增压,L,4,4,-,DOHC,-,-,214.0,157.0,-,350,-,汽油,92号,-,铝合金,未知,国VI
3366,发动机,1.5,涡轮增压,L,4,4,-,DOHC,-,-,169.0,124.0,5600,250,1700-4400,汽油,92号,直喷,铝合金,铝合金,国VI
3367,发动机,1.5,涡轮增压,L,4,4,-,DOHC,-,-,169.0,124.0,5600,250,1700-4400,汽油,92号,直喷,铝合金,铝合金,国VI
3368,发动机,2.8,涡轮增压,L,4,4,-,未知,-,-,150.0,110.0,3400,360,1600-2800,柴油,0号,直喷,未知,未知,国V
3369,发动机,2.0,涡轮增压,L,4,4,-,DOHC,-,-,148.0,109.0,3500,375,1500-2400,柴油,0号,直喷,未知,未知,国VI
3370,发动机,2.0,涡轮增压,L,4,4,-,未知,-,-,224.0,165.0,-,360,-,汽油,92号,直喷,铝合金,未知,国V
3371,发动机,,,,,,,,,,,,,,,,,,,,
3372,发动机,2.3,自然吸气,L,4,未知,-,未知,-,-,130.0,96.0,-,-,-,汽油,92号,多点电喷,未知,未知,国IV
3373,发动机,2.0,涡轮增压,L,4,4,-,DOHC,-,-,214.0,157.0,-,350,-,汽油,92号,-,铝合金,未知,国VI
3374,发动机,2.8,涡轮增压,L,4,4,-,未知,-,-,150.0,110.0,3400,360,1600-2800,柴油,0号,直喷,未知,未知,国V
3375,发动机,2.0,涡轮增压,L,4,4,-,DOHC,-,-,139.0,102.0,3500,330,1400-2800,柴油,0号,直喷,铝合金,铸铁,国VI
3376,发动机,2.0,涡轮增压,L,4,4,-,DOHC,-,-,139.0,102.0,3500,330,1400-2800,柴油,0号,直喷,铝合金,铸铁,国VI
3377,发动机,2.0,涡轮增压,L,4,4,-,DOHC,-,-,139.0,102.0,3500,330,1400-2800,柴油,0号,直喷,铝合金,铸铁,国VI
3378,发动机,2.5,涡轮增压,L,4,4,-,DOHC,-,-,136.0,100.0,3800,330,1800-2800,柴油,0号,直喷,铝合金,铸铁,国V
3379,发动机,2.5,涡轮增压,L,4,4,-,DOHC,-,-,136.0,100.0,3800,330,1800-2800,柴油,0号,直喷,铝合金,铸铁,国V
3380,发动机,2.0,涡轮增压,L,4,4,-,DOHC,-,-,148.0,109.0,3500,375,1500-2400,柴油,0号,直喷,未知,未知,国VI
3381,发动机,,,,,,,,,,,,,,,,,,,,
3382,发动机,2.4,自然吸气,L,4,4,-,未知,-,-,143.0,105.0,-,200,-,汽油,92号,多点电喷,铝合金,未知,国V
3383,发动机,,,,,,,,,,,,,,,,,,,,
3384,发动机,,,,,,,,,,,,,,,,,,,,
3385,发动机,,,,,,,,,,,,,,,,,,,,
3386,发动机,1.5,涡轮增压,L,4,4,-,DOHC,-,-,169.0,124.0,5600,250,1700-4400,汽油,92号,直喷,铝合金,铝合金,国VI
3387,发动机,2.0,涡轮增压,L,4,4,-,DOHC,-,-,139.0,102.0,3500,330,1400-2800,柴油,0号,直喷,铝合金,铸铁,国VI
3388,发动机,2.3,自然吸气,L,4,未知,-,未知,-,-,130.0,96.0,-,-,-,汽油,92号,多点电喷,未知,未知,国IV
3389,发动机,2.0,涡轮增压,L,4,4,-,DOHC,-,-,163.0,120.0,-,375,-,柴油,0号,直喷,未知,未知,国VI
3390,发动机,,,,,,,,,,,70.0,,220,,,,,,,
3391,发动机,2.4,自然吸气,L,4,4,-,DOHC,-,-,156.0,115.0,-,225,-,汽油,92号,多点电喷,铝合金,未知,国VI
3392,发动机,2.0,涡轮增压,L,4,4,-,DOHC,-,-,148.0,109.0,3500,375,1500-2400,柴油,0号,直喷,未知,未知,国VI
3393,发动机,1.8,涡轮增压,L,4,未知,-,未知,-,-,155.0,114.0,-,-,-,汽油,92号,多点电喷,未知,未知,国IV
3394,发动机,2.5,涡轮增压,L,4,4,-,DOHC,-,-,136.0,100.0,3800,330,1800-2800,柴油,0号,直喷,铝合金,铸铁,国V
3395,发动机,,,,,,,,,,,110.0,,350,,,,,,,
3396,发动机,2.8,涡轮增压,L,4,4,-,未知,-,-,150.0,110.0,3400,360,1600-2800,柴油,0号,直喷,未知,未知,国V
